<?xml version="1.0" encoding="UTF-8"?>
<project-private xmlns="http://www.netbeans.org/ns/project-private/1">
    <editor-bookmarks xmlns="http://www.netbeans.org/ns/editor-bookmarks/2" lastBookmarkId="0"/>
    <open-files xmlns="http://www.netbeans.org/ns/projectui-open-files/2">
        <group>
            <file>file:/C:/Users/Thiag/OneDrive/Ulbra/5/Objetos%20II/Trabalho%20final/JAVA/GeradorCertificado/src/geradorcertificado/gerador/Gerador.java</file>
            <file>file:/C:/Users/Thiag/OneDrive/Ulbra/5/Objetos%20II/Trabalho%20final/JAVA/GeradorCertificado/src/geradorcertificado/gerador/ThreadCompletada.java</file>
            <file>file:/C:/Users/Thiag/OneDrive/Ulbra/5/Objetos%20II/Trabalho%20final/JAVA/GeradorCertificado/src/frontend/MainFrame.java</file>
            <file>file:/C:/Users/Thiag/OneDrive/Ulbra/5/Objetos%20II/Trabalho%20final/JAVA/GeradorCertificado/src/geradorcertificado/gerador/Modelo.java</file>
        </group>
    </open-files>
</project-private>
